State,Year,Multiple Cause of death,Multiple Cause of death Code,Deaths,Population,Crude Rate
Alabama,1999,Other synthetic narcotics,T40.4,10,4430141,Unreliable
Alabama,2000,Other synthetic narcotics,T40.4,11,4447100,Unreliable
Alabama,2001,Other synthetic narcotics,T40.4,Suppressed,4467634,Suppressed
Alabama,2002,Other synthetic narcotics,T40.4,Suppressed,4480089,Suppressed
Alabama,2003,Other synthetic narcotics,T40.4,Suppressed,4503491,Suppressed
Alabama,2004,Other synthetic narcotics,T40.4,12,4530729,Unreliable
Alabama,2005,Other synthetic narcotics,T40.4,11,4569805,Unreliable
Alabama,2006,Other synthetic narcotics,T40.4,22,4628981,0.5
Alabama,2007,Other synthetic narcotics,T40.4,21,4672840,0.4
Alabama,2008,Other synthetic narcotics,T40.4,19,4718206,Unreliable
Alabama,2009,Other synthetic narcotics,T40.4,31,4757938,0.7
Alabama,2010,Other synthetic narcotics,T40.4,34,4779736,0.7
Alabama,2011,Other synthetic narcotics,T40.4,19,4802740,Unreliable
Alabama,2012,Other synthetic narcotics,T40.4,16,4822023,Unreliable
Alabama,2013,Other synthetic narcotics,T40.4,30,4833722,0.6
Alabama,2014,Other synthetic narcotics,T40.4,47,4849377,1
Alabama,2015,Other synthetic narcotics,T40.4,70,4858979,1.4
Alabama,2016,Other synthetic narcotics,T40.4,157,4863300,3.2
Alabama,2017,Other synthetic narcotics,T40.4,198,4874747,4.1
Alabama,2018,Other synthetic narcotics,T40.4,147,4887871,3
Alabama,2019,Other synthetic narcotics,T40.4,213,4903185,4.3
Alabama,2020,Other synthetic narcotics,T40.4,442,4921532,9
Alaska,1999,Other synthetic narcotics,T40.4,Suppressed,624779,Suppressed
Alaska,2000,Other synthetic narcotics,T40.4,Suppressed,626932,Suppressed
Alaska,2001,Other synthetic narcotics,T40.4,Suppressed,633714,Suppressed
Alaska,2002,Other synthetic narcotics,T40.4,Suppressed,642337,Suppressed
Alaska,2003,Other synthetic narcotics,T40.4,Suppressed,648414,Suppressed
Alaska,2004,Other synthetic narcotics,T40.4,Suppressed,659286,Suppressed
Alaska,2005,Other synthetic narcotics,T40.4,Suppressed,666946,Suppressed
Alaska,2006,Other synthetic narcotics,T40.4,Suppressed,675302,Suppressed
Alaska,2007,Other synthetic narcotics,T40.4,Suppressed,680300,Suppressed
Alaska,2008,Other synthetic narcotics,T40.4,13,687455,Unreliable
Alaska,2009,Other synthetic narcotics,T40.4,22,698895,3.1
Alaska,2010,Other synthetic narcotics,T40.4,10,710231,Unreliable
Alaska,2011,Other synthetic narcotics,T40.4,Suppressed,722718,Suppressed
Alaska,2012,Other synthetic narcotics,T40.4,Suppressed,731449,Suppressed
Alaska,2013,Other synthetic narcotics,T40.4,12,735132,Unreliable
Alaska,2014,Other synthetic narcotics,T40.4,14,736732,Unreliable
Alaska,2015,Other synthetic narcotics,T40.4,14,738432,Unreliable
Alaska,2016,Other synthetic narcotics,T40.4,Suppressed,741894,Suppressed
Alaska,2017,Other synthetic narcotics,T40.4,37,739795,5
Alaska,2018,Other synthetic narcotics,T40.4,18,737438,Unreliable
Alaska,2019,Other synthetic narcotics,T40.4,24,731545,3.3
Alaska,2020,Other synthetic narcotics,T40.4,69,731158,9.4
Arizona,1999,Other synthetic narcotics,T40.4,22,5023823,0.4
Arizona,2000,Other synthetic narcotics,T40.4,17,5130632,Unreliable
Arizona,2001,Other synthetic narcotics,T40.4,20,5273477,0.4
Arizona,2002,Other synthetic narcotics,T40.4,21,5396255,0.4
Arizona,2003,Other synthetic narcotics,T40.4,22,5510364,0.4
Arizona,2004,Other synthetic narcotics,T40.4,28,5652404,0.5
Arizona,2005,Other synthetic narcotics,T40.4,35,5839077,0.6
Arizona,2006,Other synthetic narcotics,T40.4,54,6029141,0.9
Arizona,2007,Other synthetic narcotics,T40.4,38,6167681,0.6
Arizona,2008,Other synthetic narcotics,T40.4,49,6280362,0.8
Arizona,2009,Other synthetic narcotics,T40.4,55,6343154,0.9
Arizona,2010,Other synthetic narcotics,T40.4,68,6392017,1.1
Arizona,2011,Other synthetic narcotics,T40.4,40,6482505,0.6
Arizona,2012,Other synthetic narcotics,T40.4,36,6553255,0.5
Arizona,2013,Other synthetic narcotics,T40.4,52,6626624,0.8
Arizona,2014,Other synthetic narcotics,T40.4,57,6731484,0.8
Arizona,2015,Other synthetic narcotics,T40.4,72,6828065,1.1
Arizona,2016,Other synthetic narcotics,T40.4,123,6931071,1.8
Arizona,2017,Other synthetic narcotics,T40.4,267,7016270,3.8
Arizona,2018,Other synthetic narcotics,T40.4,522,7171646,7.3
Arizona,2019,Other synthetic narcotics,T40.4,796,7278717,10.9
Arizona,2020,Other synthetic narcotics,T40.4,1476,7421401,19.9
Arkansas,1999,Other synthetic narcotics,T40.4,Suppressed,2651860,Suppressed
Arkansas,2000,Other synthetic narcotics,T40.4,Suppressed,2673400,Suppressed
Arkansas,2001,Other synthetic narcotics,T40.4,Suppressed,2691571,Suppressed
Arkansas,2002,Other synthetic narcotics,T40.4,24,2705927,0.9
Arkansas,2003,Other synthetic narcotics,T40.4,26,2724816,1
Arkansas,2004,Other synthetic narcotics,T40.4,30,2749686,1.1
Arkansas,2005,Other synthetic narcotics,T40.4,26,2781097,0.9
Arkansas,2006,Other synthetic narcotics,T40.4,31,2821761,1.1
Arkansas,2007,Other synthetic narcotics,T40.4,27,2848650,0.9
Arkansas,2008,Other synthetic narcotics,T40.4,43,2874554,1.5
Arkansas,2009,Other synthetic narcotics,T40.4,59,2896843,2
Arkansas,2010,Other synthetic narcotics,T40.4,57,2915918,2
Arkansas,2011,Other synthetic narcotics,T40.4,29,2937979,1
Arkansas,2012,Other synthetic narcotics,T40.4,20,2949131,0.7
Arkansas,2013,Other synthetic narcotics,T40.4,31,2959373,1
Arkansas,2014,Other synthetic narcotics,T40.4,32,2966369,1.1
Arkansas,2015,Other synthetic narcotics,T40.4,44,2978204,1.5
Arkansas,2016,Other synthetic narcotics,T40.4,38,2988248,1.3
Arkansas,2017,Other synthetic narcotics,T40.4,68,3004279,2.3
Arkansas,2018,Other synthetic narcotics,T40.4,92,3013825,3.1
Arkansas,2019,Other synthetic narcotics,T40.4,115,3017804,3.8
Arkansas,2020,Other synthetic narcotics,T40.4,195,3030522,6.4
California,1999,Other synthetic narcotics,T40.4,87,33499204,0.3
California,2000,Other synthetic narcotics,T40.4,68,33871648,0.2
California,2001,Other synthetic narcotics,T40.4,31,34479458,0.1
California,2002,Other synthetic narcotics,T40.4,117,34871843,0.3
California,2003,Other synthetic narcotics,T40.4,119,35253159,0.3
California,2004,Other synthetic narcotics,T40.4,140,35574576,0.4
California,2005,Other synthetic narcotics,T40.4,123,35827943,0.3
California,2006,Other synthetic narcotics,T40.4,154,36021202,0.4
California,2007,Other synthetic narcotics,T40.4,138,36250311,0.4
California,2008,Other synthetic narcotics,T40.4,155,36604337,0.4
California,2009,Other synthetic narcotics,T40.4,201,36961229,0.5
California,2010,Other synthetic narcotics,T40.4,205,37253956,0.6
California,2011,Other synthetic narcotics,T40.4,164,37691912,0.4
California,2012,Other synthetic narcotics,T40.4,146,38041430,0.4
California,2013,Other synthetic narcotics,T40.4,176,38332521,0.5
California,2014,Other synthetic narcotics,T40.4,194,38802500,0.5
California,2015,Other synthetic narcotics,T40.4,229,39144818,0.6
California,2016,Other synthetic narcotics,T40.4,355,39250017,0.9
California,2017,Other synthetic narcotics,T40.4,536,39536653,1.4
California,2018,Other synthetic narcotics,T40.4,865,39557045,2.2
California,2019,Other synthetic narcotics,T40.4,1675,39512223,4.2
California,2020,Other synthetic narcotics,T40.4,4009,39368078,10.2
Colorado,1999,Other synthetic narcotics,T40.4,21,4226018,0.5
Colorado,2000,Other synthetic narcotics,T40.4,25,4301261,0.6
Colorado,2001,Other synthetic narcotics,T40.4,19,4425687,Unreliable
Colorado,2002,Other synthetic narcotics,T40.4,30,4490406,0.7
Colorado,2003,Other synthetic narcotics,T40.4,22,4528732,0.5
Colorado,2004,Other synthetic narcotics,T40.4,22,4575013,0.5
Colorado,2005,Other synthetic narcotics,T40.4,35,4631888,0.8
Colorado,2006,Other synthetic narcotics,T40.4,27,4720423,0.6
Colorado,2007,Other synthetic narcotics,T40.4,44,4803868,0.9
Colorado,2008,Other synthetic narcotics,T40.4,39,4889730,0.8
Colorado,2009,Other synthetic narcotics,T40.4,68,4972195,1.4
Colorado,2010,Other synthetic narcotics,T40.4,58,5029196,1.2
Colorado,2011,Other synthetic narcotics,T40.4,78,5116796,1.5
Colorado,2012,Other synthetic narcotics,T40.4,52,5187582,1
Colorado,2013,Other synthetic narcotics,T40.4,67,5268367,1.3
Colorado,2014,Other synthetic narcotics,T40.4,80,5355866,1.5
Colorado,2015,Other synthetic narcotics,T40.4,64,5456574,1.2
Colorado,2016,Other synthetic narcotics,T40.4,72,5540545,1.3
Colorado,2017,Other synthetic narcotics,T40.4,112,5607154,2
Colorado,2018,Other synthetic narcotics,T40.4,134,5695564,2.4
Colorado,2019,Other synthetic narcotics,T40.4,255,5758736,4.4
Colorado,2020,Other synthetic narcotics,T40.4,590,5807719,10.2
Connecticut,1999,Other synthetic narcotics,T40.4,Suppressed,3386401,Suppressed
Connecticut,2000,Other synthetic narcotics,T40.4,Suppressed,3405565,Suppressed
Connecticut,2001,Other synthetic narcotics,T40.4,Suppressed,3432835,Suppressed
Connecticut,2002,Other synthetic narcotics,T40.4,Suppressed,3458749,Suppressed
Connecticut,2003,Other synthetic narcotics,T40.4,Suppressed,3484336,Suppressed
Connecticut,2004,Other synthetic narcotics,T40.4,10,3496094,Unreliable
Connecticut,2005,Other synthetic narcotics,T40.4,10,3506956,Unreliable
Connecticut,2006,Other synthetic narcotics,T40.4,11,3517460,Unreliable
Connecticut,2007,Other synthetic narcotics,T40.4,22,3527270,0.6
Connecticut,2008,Other synthetic narcotics,T40.4,16,3545579,Unreliable
Connecticut,2009,Other synthetic narcotics,T40.4,20,3561807,0.6
Connecticut,2010,Other synthetic narcotics,T40.4,22,3574097,0.6
Connecticut,2011,Other synthetic narcotics,T40.4,13,3580709,Unreliable
Connecticut,2012,Other synthetic narcotics,T40.4,15,3590347,Unreliable
Connecticut,2013,Other synthetic narcotics,T40.4,53,3596080,1.5
Connecticut,2014,Other synthetic narcotics,T40.4,94,3596677,2.6
Connecticut,2015,Other synthetic narcotics,T40.4,211,3590886,5.9
Connecticut,2016,Other synthetic narcotics,T40.4,500,3576452,14
Connecticut,2017,Other synthetic narcotics,T40.4,686,3588184,19.1
Connecticut,2018,Other synthetic narcotics,T40.4,767,3572665,21.5
Connecticut,2019,Other synthetic narcotics,T40.4,950,3565287,26.6
Connecticut,2020,Other synthetic narcotics,T40.4,1142,3557006,32.1
Delaware,1999,Other synthetic narcotics,T40.4,Suppressed,774990,Suppressed
Delaware,2000,Other synthetic narcotics,T40.4,Suppressed,783600,Suppressed
Delaware,2001,Other synthetic narcotics,T40.4,Suppressed,795699,Suppressed
Delaware,2002,Other synthetic narcotics,T40.4,Suppressed,806169,Suppressed
Delaware,2003,Other synthetic narcotics,T40.4,Suppressed,818003,Suppressed
Delaware,2004,Other synthetic narcotics,T40.4,Suppressed,830803,Suppressed
Delaware,2005,Other synthetic narcotics,T40.4,Suppressed,845150,Suppressed
Delaware,2006,Other synthetic narcotics,T40.4,12,859268,Unreliable
Delaware,2007,Other synthetic narcotics,T40.4,Suppressed,871749,Suppressed
Delaware,2008,Other synthetic narcotics,T40.4,Suppressed,883874,Suppressed
Delaware,2009,Other synthetic narcotics,T40.4,19,891730,Unreliable
Delaware,2010,Other synthetic narcotics,T40.4,14,897934,Unreliable
Delaware,2011,Other synthetic narcotics,T40.4,13,907135,Unreliable
Delaware,2012,Other synthetic narcotics,T40.4,17,917092,Unreliable
Delaware,2013,Other synthetic narcotics,T40.4,22,925749,2.4
Delaware,2014,Other synthetic narcotics,T40.4,29,935614,3.1
Delaware,2015,Other synthetic narcotics,T40.4,38,945934,4
Delaware,2016,Other synthetic narcotics,T40.4,79,952065,8.3
Delaware,2017,Other synthetic narcotics,T40.4,178,961939,18.5
Delaware,2018,Other synthetic narcotics,T40.4,296,967171,30.6
Delaware,2019,Other synthetic narcotics,T40.4,343,973764,35.2
Delaware,2020,Other synthetic narcotics,T40.4,361,986809,36.6
District of Columbia,1999,Other synthetic narcotics,T40.4,Suppressed,570213,Suppressed
District of Columbia,2000,Other synthetic narcotics,T40.4,Suppressed,572059,Suppressed
District of Columbia,2001,Other synthetic narcotics,T40.4,Suppressed,574504,Suppressed
District of Columbia,2002,Other synthetic narcotics,T40.4,Suppressed,573158,Suppressed
District of Columbia,2003,Other synthetic narcotics,T40.4,Suppressed,568502,Suppressed
District of Columbia,2004,Other synthetic narcotics,T40.4,Suppressed,567754,Suppressed
District of Columbia,2005,Other synthetic narcotics,T40.4,Suppressed,567136,Suppressed
District of Columbia,2006,Other synthetic narcotics,T40.4,Suppressed,570681,Suppressed
District of Columbia,2007,Other synthetic narcotics,T40.4,Suppressed,574404,Suppressed
District of Columbia,2008,Other synthetic narcotics,T40.4,Suppressed,580236,Suppressed
District of Columbia,2009,Other synthetic narcotics,T40.4,Suppressed,592228,Suppressed
District of Columbia,2010,Other synthetic narcotics,T40.4,Suppressed,601723,Suppressed
District of Columbia,2011,Other synthetic narcotics,T40.4,Suppressed,617996,Suppressed
District of Columbia,2012,Other synthetic narcotics,T40.4,Suppressed,632323,Suppressed
District of Columbia,2013,Other synthetic narcotics,T40.4,Suppressed,646449,Suppressed
District of Columbia,2014,Other synthetic narcotics,T40.4,13,658893,Unreliable
District of Columbia,2015,Other synthetic narcotics,T40.4,26,672228,3.9
District of Columbia,2016,Other synthetic narcotics,T40.4,129,681170,18.9
District of Columbia,2017,Other synthetic narcotics,T40.4,182,693972,26.2
District of Columbia,2018,Other synthetic narcotics,T40.4,162,702455,23.1
District of Columbia,2019,Other synthetic narcotics,T40.4,216,705749,30.6
District of Columbia,2020,Other synthetic narcotics,T40.4,315,712816,44.2
Florida,1999,Other synthetic narcotics,T40.4,59,15759421,0.4
Florida,2000,Other synthetic narcotics,T40.4,84,15982378,0.5
Florida,2001,Other synthetic narcotics,T40.4,117,16356966,0.7
Florida,2002,Other synthetic narcotics,T40.4,136,16689370,0.8
Florida,2003,Other synthetic narcotics,T40.4,175,17004085,1
Florida,2004,Other synthetic narcotics,T40.4,160,17415318,0.9
Florida,2005,Other synthetic narcotics,T40.4,144,17842038,0.8
Florida,2006,Other synthetic narcotics,T40.4,131,18166990,0.7
Florida,2007,Other synthetic narcotics,T40.4,137,18367842,0.7
Florida,2008,Other synthetic narcotics,T40.4,132,18527305,0.7
Florida,2009,Other synthetic narcotics,T40.4,171,18652644,0.9
Florida,2010,Other synthetic narcotics,T40.4,146,18801310,0.8
Florida,2011,Other synthetic narcotics,T40.4,138,19057542,0.7
Florida,2012,Other synthetic narcotics,T40.4,162,19317568,0.8
Florida,2013,Other synthetic narcotics,T40.4,200,19552860,1
Florida,2014,Other synthetic narcotics,T40.4,343,19893297,1.7
Florida,2015,Other synthetic narcotics,T40.4,610,20271272,3
Florida,2016,Other synthetic narcotics,T40.4,1566,20612439,7.6
Florida,2017,Other synthetic narcotics,T40.4,2126,20984400,10.1
Florida,2018,Other synthetic narcotics,T40.4,2091,21299325,9.8
Florida,2019,Other synthetic narcotics,T40.4,2837,21477737,13.2
Florida,2020,Other synthetic narcotics,T40.4,4734,21733312,21.8
Georgia,1999,Other synthetic narcotics,T40.4,11,8045965,Unreliable
Georgia,2000,Other synthetic narcotics,T40.4,12,8186453,Unreliable
Georgia,2001,Other synthetic narcotics,T40.4,27,8377038,0.3
Georgia,2002,Other synthetic narcotics,T40.4,36,8508256,0.4
Georgia,2003,Other synthetic narcotics,T40.4,36,8622793,0.4
Georgia,2004,Other synthetic narcotics,T40.4,35,8769252,0.4
Georgia,2005,Other synthetic narcotics,T40.4,47,8925922,0.5
Georgia,2006,Other synthetic narcotics,T40.4,57,9155813,0.6
Georgia,2007,Other synthetic narcotics,T40.4,65,9349988,0.7
Georgia,2008,Other synthetic narcotics,T40.4,57,9504843,0.6
Georgia,2009,Other synthetic narcotics,T40.4,83,9620846,0.9
Georgia,2010,Other synthetic narcotics,T40.4,103,9687653,1.1
Georgia,2011,Other synthetic narcotics,T40.4,86,9815210,0.9
Georgia,2012,Other synthetic narcotics,T40.4,61,9919945,0.6
Georgia,2013,Other synthetic narcotics,T40.4,80,9992167,0.8
Georgia,2014,Other synthetic narcotics,T40.4,174,10097343,1.7
Georgia,2015,Other synthetic narcotics,T40.4,284,10214860,2.8
Georgia,2016,Other synthetic narcotics,T40.4,277,10310371,2.7
Georgia,2017,Other synthetic narcotics,T40.4,419,10429379,4
Georgia,2018,Other synthetic narcotics,T40.4,349,10519475,3.3
Georgia,2019,Other synthetic narcotics,T40.4,419,10617423,3.9
Georgia,2020,Other synthetic narcotics,T40.4,896,10710017,8.4
Hawaii,1999,Other synthetic narcotics,T40.4,Suppressed,1210300,Suppressed
Hawaii,2000,Other synthetic narcotics,T40.4,Suppressed,1211537,Suppressed
Hawaii,2001,Other synthetic narcotics,T40.4,Suppressed,1225948,Suppressed
Hawaii,2002,Other synthetic narcotics,T40.4,Suppressed,1239613,Suppressed
Hawaii,2003,Other synthetic narcotics,T40.4,Suppressed,1251154,Suppressed
Hawaii,2004,Other synthetic narcotics,T40.4,Suppressed,1273569,Suppressed
Hawaii,2005,Other synthetic narcotics,T40.4,Suppressed,1292729,Suppressed
Hawaii,2006,Other synthetic narcotics,T40.4,Suppressed,1309731,Suppressed
Hawaii,2007,Other synthetic narcotics,T40.4,Suppressed,1315675,Suppressed
Hawaii,2008,Other synthetic narcotics,T40.4,Suppressed,1332213,Suppressed
Hawaii,2009,Other synthetic narcotics,T40.4,Suppressed,1346717,Suppressed
Hawaii,2010,Other synthetic narcotics,T40.4,Suppressed,1360301,Suppressed
Hawaii,2011,Other synthetic narcotics,T40.4,Suppressed,1374810,Suppressed
Hawaii,2012,Other synthetic narcotics,T40.4,Suppressed,1392313,Suppressed
Hawaii,2013,Other synthetic narcotics,T40.4,Suppressed,1404054,Suppressed
Hawaii,2014,Other synthetic narcotics,T40.4,Suppressed,1419561,Suppressed
Hawaii,2015,Other synthetic narcotics,T40.4,13,1431603,Unreliable
Hawaii,2016,Other synthetic narcotics,T40.4,Suppressed,1428557,Suppressed
Hawaii,2017,Other synthetic narcotics,T40.4,Suppressed,1427538,Suppressed
Hawaii,2018,Other synthetic narcotics,T40.4,14,1420491,Unreliable
Hawaii,2019,Other synthetic narcotics,T40.4,20,1415872,1.4
Hawaii,2020,Other synthetic narcotics,T40.4,37,1407006,2.6
Idaho,1999,Other synthetic narcotics,T40.4,Suppressed,1275674,Suppressed
Idaho,2000,Other synthetic narcotics,T40.4,Suppressed,1293953,Suppressed
Idaho,2001,Other synthetic narcotics,T40.4,Suppressed,1319962,Suppressed
Idaho,2002,Other synthetic narcotics,T40.4,Suppressed,1340372,Suppressed
Idaho,2003,Other synthetic narcotics,T40.4,Suppressed,1363380,Suppressed
Idaho,2004,Other synthetic narcotics,T40.4,Suppressed,1391802,Suppressed
Idaho,2005,Other synthetic narcotics,T40.4,Suppressed,1428241,Suppressed
Idaho,2006,Other synthetic narcotics,T40.4,Suppressed,1468669,Suppressed
Idaho,2007,Other synthetic narcotics,T40.4,10,1505105,Unreliable
Idaho,2008,Other synthetic narcotics,T40.4,Suppressed,1534320,Suppressed
Idaho,2009,Other synthetic narcotics,T40.4,11,1554439,Unreliable
Idaho,2010,Other synthetic narcotics,T40.4,14,1567582,Unreliable
Idaho,2011,Other synthetic narcotics,T40.4,Suppressed,1584985,Suppressed
Idaho,2012,Other synthetic narcotics,T40.4,11,1595728,Unreliable
Idaho,2013,Other synthetic narcotics,T40.4,14,1612136,Unreliable
Idaho,2014,Other synthetic narcotics,T40.4,13,1634464,Unreliable
Idaho,2015,Other synthetic narcotics,T40.4,16,1654930,Unreliable
Idaho,2016,Other synthetic narcotics,T40.4,20,1683140,1.2
Idaho,2017,Other synthetic narcotics,T40.4,22,1716943,1.3
Idaho,2018,Other synthetic narcotics,T40.4,28,1754208,1.6
Idaho,2019,Other synthetic narcotics,T40.4,32,1787065,1.8
Idaho,2020,Other synthetic narcotics,T40.4,59,1826913,3.2
Illinois,1999,Other synthetic narcotics,T40.4,25,12359020,0.2
Illinois,2000,Other synthetic narcotics,T40.4,24,12419293,0.2
Illinois,2001,Other synthetic narcotics,T40.4,34,12488445,0.3
Illinois,2002,Other synthetic narcotics,T40.4,40,12525556,0.3
Illinois,2003,Other synthetic narcotics,T40.4,32,12556006,0.3
Illinois,2004,Other synthetic narcotics,T40.4,38,12589773,0.3
Illinois,2005,Other synthetic narcotics,T40.4,59,12609903,0.5
Illinois,2006,Other synthetic narcotics,T40.4,375,12643955,3
Illinois,2007,Other synthetic narcotics,T40.4,101,12695866,0.8
Illinois,2008,Other synthetic narcotics,T40.4,83,12747038,0.7
Illinois,2009,Other synthetic narcotics,T40.4,111,12796778,0.9
Illinois,2010,Other synthetic narcotics,T40.4,115,12830632,0.9
Illinois,2011,Other synthetic narcotics,T40.4,86,12869257,0.7
Illinois,2012,Other synthetic narcotics,T40.4,84,12875255,0.7
Illinois,2013,Other synthetic narcotics,T40.4,87,12882135,0.7
Illinois,2014,Other synthetic narcotics,T40.4,127,12880580,1
Illinois,2015,Other synthetic narcotics,T40.4,278,12859995,2.2
Illinois,2016,Other synthetic narcotics,T40.4,907,12801539,7.1
Illinois,2017,Other synthetic narcotics,T40.4,1251,12802023,9.8
Illinois,2018,Other synthetic narcotics,T40.4,1568,12741080,12.3
Illinois,2019,Other synthetic narcotics,T40.4,1706,12671821,13.5
Illinois,2020,Other synthetic narcotics,T40.4,2471,12587530,19.6
Indiana,1999,Other synthetic narcotics,T40.4,Suppressed,6044969,Suppressed
Indiana,2000,Other synthetic narcotics,T40.4,12,6080485,Unreliable
Indiana,2001,Other synthetic narcotics,T40.4,12,6127760,Unreliable
Indiana,2002,Other synthetic narcotics,T40.4,Suppressed,6155967,Suppressed
Indiana,2003,Other synthetic narcotics,T40.4,26,6196638,0.4
Indiana,2004,Other synthetic narcotics,T40.4,25,6233007,0.4
Indiana,2005,Other synthetic narcotics,T40.4,26,6278616,0.4
Indiana,2006,Other synthetic narcotics,T40.4,48,6332669,0.8
Indiana,2007,Other synthetic narcotics,T40.4,51,6379599,0.8
Indiana,2008,Other synthetic narcotics,T40.4,54,6424806,0.8
Indiana,2009,Other synthetic narcotics,T40.4,64,6459325,1
Indiana,2010,Other synthetic narcotics,T40.4,49,6483802,0.8
Indiana,2011,Other synthetic narcotics,T40.4,40,6516922,0.6
Indiana,2012,Other synthetic narcotics,T40.4,43,6537334,0.7
Indiana,2013,Other synthetic narcotics,T40.4,34,6570902,0.5
Indiana,2014,Other synthetic narcotics,T40.4,83,6596855,1.3
Indiana,2015,Other synthetic narcotics,T40.4,120,6619680,1.8
Indiana,2016,Other synthetic narcotics,T40.4,304,6633053,4.6
Indiana,2017,Other synthetic narcotics,T40.4,649,6666818,9.7
Indiana,2018,Other synthetic narcotics,T40.4,713,6691878,10.7
Indiana,2019,Other synthetic narcotics,T40.4,899,6732219,13.4
Indiana,2020,Other synthetic narcotics,T40.4,1647,6754953,24.4
Iowa,1999,Other synthetic narcotics,T40.4,Suppressed,2917634,Suppressed
Iowa,2000,Other synthetic narcotics,T40.4,Suppressed,2926324,Suppressed
Iowa,2001,Other synthetic narcotics,T40.4,Suppressed,2931997,Suppressed
Iowa,2002,Other synthetic narcotics,T40.4,10,2934234,Unreliable
Iowa,2003,Other synthetic narcotics,T40.4,12,2941999,Unreliable
Iowa,2004,Other synthetic narcotics,T40.4,13,2953635,Unreliable
Iowa,2005,Other synthetic narcotics,T40.4,Suppressed,2964454,Suppressed
Iowa,2006,Other synthetic narcotics,T40.4,16,2982644,Unreliable
Iowa,2007,Other synthetic narcotics,T40.4,18,2999212,Unreliable
Iowa,2008,Other synthetic narcotics,T40.4,25,3016734,0.8
Iowa,2009,Other synthetic narcotics,T40.4,35,3032870,1.2
Iowa,2010,Other synthetic narcotics,T40.4,43,3046355,1.4
Iowa,2011,Other synthetic narcotics,T40.4,29,3062309,0.9
Iowa,2012,Other synthetic narcotics,T40.4,36,3074186,1.2
Iowa,2013,Other synthetic narcotics,T40.4,32,3090416,1
Iowa,2014,Other synthetic narcotics,T40.4,29,3107126,0.9
Iowa,2015,Other synthetic narcotics,T40.4,44,3123899,1.4
Iowa,2016,Other synthetic narcotics,T40.4,58,3134693,1.9
Iowa,2017,Other synthetic narcotics,T40.4,92,3145711,2.9
Iowa,2018,Other synthetic narcotics,T40.4,80,3156145,2.5
Iowa,2019,Other synthetic narcotics,T40.4,102,3155070,3.2
Iowa,2020,Other synthetic narcotics,T40.4,172,3163561,5.4
Kansas,1999,Other synthetic narcotics,T40.4,Suppressed,2678338,Suppressed
Kansas,2000,Other synthetic narcotics,T40.4,Suppressed,2688418,Suppressed
Kansas,2001,Other synthetic narcotics,T40.4,11,2702162,Unreliable
Kansas,2002,Other synthetic narcotics,T40.4,18,2713535,Unreliable
Kansas,2003,Other synthetic narcotics,T40.4,Suppressed,2723004,Suppressed
Kansas,2004,Other synthetic narcotics,T40.4,22,2734373,0.8
Kansas,2005,Other synthetic narcotics,T40.4,17,2745299,Unreliable
Kansas,2006,Other synthetic narcotics,T40.4,19,2762931,Unreliable
Kansas,2007,Other synthetic narcotics,T40.4,19,2783785,Unreliable
Kansas,2008,Other synthetic narcotics,T40.4,18,2808076,Unreliable
Kansas,2009,Other synthetic narcotics,T40.4,35,2832704,1.2
Kansas,2010,Other synthetic narcotics,T40.4,18,2853118,Unreliable
Kansas,2011,Other synthetic narcotics,T40.4,23,2871238,0.8
Kansas,2012,Other synthetic narcotics,T40.4,44,2885905,1.5
Kansas,2013,Other synthetic narcotics,T40.4,37,2893957,1.3
Kansas,2014,Other synthetic narcotics,T40.4,39,2904021,1.3
Kansas,2015,Other synthetic narcotics,T40.4,36,2911641,1.2
Kansas,2016,Other synthetic narcotics,T40.4,27,2907289,0.9
Kansas,2017,Other synthetic narcotics,T40.4,32,2913123,1.1
Kansas,2018,Other synthetic narcotics,T40.4,50,2911505,1.7
Kansas,2019,Other synthetic narcotics,T40.4,75,2913314,2.6
Kansas,2020,Other synthetic narcotics,T40.4,165,2913805,5.7
Kentucky,1999,Other synthetic narcotics,T40.4,10,4018053,Unreliable
Kentucky,2000,Other synthetic narcotics,T40.4,Suppressed,4041769,Suppressed
Kentucky,2001,Other synthetic narcotics,T40.4,19,4068132,Unreliable
Kentucky,2002,Other synthetic narcotics,T40.4,30,4089875,0.7
Kentucky,2003,Other synthetic narcotics,T40.4,27,4117170,0.7
Kentucky,2004,Other synthetic narcotics,T40.4,32,4146101,0.8
Kentucky,2005,Other synthetic narcotics,T40.4,31,4182742,0.7
Kentucky,2006,Other synthetic narcotics,T40.4,50,4219239,1.2
Kentucky,2007,Other synthetic narcotics,T40.4,37,4256672,0.9
Kentucky,2008,Other synthetic narcotics,T40.4,44,4289878,1
Kentucky,2009,Other synthetic narcotics,T40.4,65,4317074,1.5
Kentucky,2010,Other synthetic narcotics,T40.4,53,4339367,1.2
Kentucky,2011,Other synthetic narcotics,T40.4,76,4369356,1.7
Kentucky,2012,Other synthetic narcotics,T40.4,70,4380415,1.6
Kentucky,2013,Other synthetic narcotics,T40.4,76,4395295,1.7
Kentucky,2014,Other synthetic narcotics,T40.4,179,4413457,4.1
Kentucky,2015,Other synthetic narcotics,T40.4,323,4425092,7.3
Kentucky,2016,Other synthetic narcotics,T40.4,465,4436974,10.5
Kentucky,2017,Other synthetic narcotics,T40.4,780,4454189,17.5
Kentucky,2018,Other synthetic narcotics,T40.4,744,4468402,16.7
Kentucky,2019,Other synthetic narcotics,T40.4,825,4467673,18.5
Kentucky,2020,Other synthetic narcotics,T40.4,1498,4477251,33.5
Louisiana,1999,Other synthetic narcotics,T40.4,Suppressed,4460811,Suppressed
Louisiana,2000,Other synthetic narcotics,T40.4,Suppressed,4468976,Suppressed
Louisiana,2001,Other synthetic narcotics,T40.4,Suppressed,4477875,Suppressed
Louisiana,2002,Other synthetic narcotics,T40.4,Suppressed,4497267,Suppressed
Louisiana,2003,Other synthetic narcotics,T40.4,Suppressed,4521042,Suppressed
Louisiana,2004,Other synthetic narcotics,T40.4,13,4552238,Unreliable
Louisiana,2005,Other synthetic narcotics,T40.4,Suppressed,4576628,Suppressed
Louisiana,2006,Other synthetic narcotics,T40.4,14,4302665,Unreliable
Louisiana,2007,Other synthetic narcotics,T40.4,21,4375581,0.5
Louisiana,2008,Other synthetic narcotics,T40.4,10,4435586,Unreliable
Louisiana,2009,Other synthetic narcotics,T40.4,16,4491648,Unreliable
Louisiana,2010,Other synthetic narcotics,T40.4,21,4533372,0.5
Louisiana,2011,Other synthetic narcotics,T40.4,20,4574836,0.4
Louisiana,2012,Other synthetic narcotics,T40.4,19,4601893,Unreliable
Louisiana,2013,Other synthetic narcotics,T40.4,26,4625470,0.6
Louisiana,2014,Other synthetic narcotics,T40.4,29,4649676,0.6
Louisiana,2015,Other synthetic narcotics,T40.4,38,4670724,0.8
Louisiana,2016,Other synthetic narcotics,T40.4,89,4681666,1.9
Louisiana,2017,Other synthetic narcotics,T40.4,156,4684333,3.3
Louisiana,2018,Other synthetic narcotics,T40.4,216,4659978,4.6
Louisiana,2019,Other synthetic narcotics,T40.4,324,4648794,7
Louisiana,2020,Other synthetic narcotics,T40.4,706,4645318,15.2
Maine,1999,Other synthetic narcotics,T40.4,Suppressed,1266808,Suppressed
Maine,2000,Other synthetic narcotics,T40.4,Suppressed,1274923,Suppressed
Maine,2001,Other synthetic narcotics,T40.4,Suppressed,1285692,Suppressed
Maine,2002,Other synthetic narcotics,T40.4,12,1295960,Unreliable
Maine,2003,Other synthetic narcotics,T40.4,11,1306513,Unreliable
Maine,2004,Other synthetic narcotics,T40.4,Suppressed,1313688,Suppressed
Maine,2005,Other synthetic narcotics,T40.4,Suppressed,1318787,Suppressed
Maine,2006,Other synthetic narcotics,T40.4,Suppressed,1323619,Suppressed
Maine,2007,Other synthetic narcotics,T40.4,Suppressed,1327040,Suppressed
Maine,2008,Other synthetic narcotics,T40.4,15,1330509,Unreliable
Maine,2009,Other synthetic narcotics,T40.4,16,1329590,Unreliable
Maine,2010,Other synthetic narcotics,T40.4,21,1328361,1.6
Maine,2011,Other synthetic narcotics,T40.4,19,1328188,Unreliable
Maine,2012,Other synthetic narcotics,T40.4,15,1329192,Unreliable
Maine,2013,Other synthetic narcotics,T40.4,23,1328302,1.7
Maine,2014,Other synthetic narcotics,T40.4,62,1330089,4.7
Maine,2015,Other synthetic narcotics,T40.4,116,1329328,8.7
Maine,2016,Other synthetic narcotics,T40.4,199,1331479,14.9
Maine,2017,Other synthetic narcotics,T40.4,278,1335907,20.8
Maine,2018,Other synthetic narcotics,T40.4,229,1338404,17.1
Maine,2019,Other synthetic narcotics,T40.4,283,1344212,21.1
Maine,2020,Other synthetic narcotics,T40.4,365,1350141,27
Maryland,1999,Other synthetic narcotics,T40.4,Suppressed,5254509,Suppressed
Maryland,2000,Other synthetic narcotics,T40.4,Suppressed,5296486,Suppressed
Maryland,2001,Other synthetic narcotics,T40.4,Suppressed,5374691,Suppressed
Maryland,2002,Other synthetic narcotics,T40.4,Suppressed,5440389,Suppressed
Maryland,2003,Other synthetic narcotics,T40.4,11,5496269,Unreliable
Maryland,2004,Other synthetic narcotics,T40.4,16,5546935,Unreliable
Maryland,2005,Other synthetic narcotics,T40.4,21,5592379,0.4
Maryland,2006,Other synthetic narcotics,T40.4,53,5627367,0.9
Maryland,2007,Other synthetic narcotics,T40.4,35,5653408,0.6
Maryland,2008,Other synthetic narcotics,T40.4,35,5684965,0.6
Maryland,2009,Other synthetic narcotics,T40.4,52,5730388,0.9
Maryland,2010,Other synthetic narcotics,T40.4,51,5773552,0.9
Maryland,2011,Other synthetic narcotics,T40.4,56,5828289,1
Maryland,2012,Other synthetic narcotics,T40.4,52,5884563,0.9
Maryland,2013,Other synthetic narcotics,T40.4,93,5928814,1.6
Maryland,2014,Other synthetic narcotics,T40.4,230,5976407,3.8
Maryland,2015,Other synthetic narcotics,T40.4,357,6006401,5.9
Maryland,2016,Other synthetic narcotics,T40.4,1091,6016447,18.1
Maryland,2017,Other synthetic narcotics,T40.4,1542,6052177,25.5
Maryland,2018,Other synthetic narcotics,T40.4,1825,6042718,30.2
Maryland,2019,Other synthetic narcotics,T40.4,1917,6045680,31.7
Maryland,2020,Other synthetic narcotics,T40.4,2326,6055802,38.4
Massachusetts,1999,Other synthetic narcotics,T40.4,10,6317345,Unreliable
Massachusetts,2000,Other synthetic narcotics,T40.4,16,6349097,Unreliable
Massachusetts,2001,Other synthetic narcotics,T40.4,11,6397634,Unreliable
Massachusetts,2002,Other synthetic narcotics,T40.4,21,6417206,0.3
Massachusetts,2003,Other synthetic narcotics,T40.4,26,6422565,0.4
Massachusetts,2004,Other synthetic narcotics,T40.4,34,6412281,0.5
Massachusetts,2005,Other synthetic narcotics,T40.4,38,6403290,0.6
Massachusetts,2006,Other synthetic narcotics,T40.4,88,6410084,1.4
Massachusetts,2007,Other synthetic narcotics,T40.4,74,6431559,1.2
Massachusetts,2008,Other synthetic narcotics,T40.4,54,6468967,0.8
Massachusetts,2009,Other synthetic narcotics,T40.4,63,6517613,1
Massachusetts,2010,Other synthetic narcotics,T40.4,68,6547629,1
Massachusetts,2011,Other synthetic narcotics,T40.4,64,6587536,1
Massachusetts,2012,Other synthetic narcotics,T40.4,67,6646144,1
Massachusetts,2013,Other synthetic narcotics,T40.4,98,6692824,1.5
Massachusetts,2014,Other synthetic narcotics,T40.4,453,6745408,6.7
Massachusetts,2015,Other synthetic narcotics,T40.4,949,6794422,14
Massachusetts,2016,Other synthetic narcotics,T40.4,1550,6811779,22.8
Massachusetts,2017,Other synthetic narcotics,T40.4,1649,6859819,24
Massachusetts,2018,Other synthetic narcotics,T40.4,1806,6902149,26.2
Massachusetts,2019,Other synthetic narcotics,T40.4,1861,6892503,27
Massachusetts,2020,Other synthetic narcotics,T40.4,1943,6893574,28.2
Michigan,1999,Other synthetic narcotics,T40.4,20,9897116,0.2
Michigan,2000,Other synthetic narcotics,T40.4,17,9938444,Unreliable
Michigan,2001,Other synthetic narcotics,T40.4,17,9991120,Unreliable
Michigan,2002,Other synthetic narcotics,T40.4,41,10015710,0.4
Michigan,2003,Other synthetic narcotics,T40.4,34,10041152,0.3
Michigan,2004,Other synthetic narcotics,T40.4,48,10055315,0.5
Michigan,2005,Other synthetic narcotics,T40.4,88,10051137,0.9
Michigan,2006,Other synthetic narcotics,T40.4,199,10036081,2
Michigan,2007,Other synthetic narcotics,T40.4,71,10001284,0.7
Michigan,2008,Other synthetic narcotics,T40.4,73,9946889,0.7
Michigan,2009,Other synthetic narcotics,T40.4,93,9901591,0.9
Michigan,2010,Other synthetic narcotics,T40.4,85,9883640,0.9
Michigan,2011,Other synthetic narcotics,T40.4,89,9876187,0.9
Michigan,2012,Other synthetic narcotics,T40.4,72,9883360,0.7
Michigan,2013,Other synthetic narcotics,T40.4,86,9895622,0.9
Michigan,2014,Other synthetic narcotics,T40.4,178,9909877,1.8
Michigan,2015,Other synthetic narcotics,T40.4,457,9922576,4.6
Michigan,2016,Other synthetic narcotics,T40.4,921,9928300,9.3
Michigan,2017,Other synthetic narcotics,T40.4,1368,9962311,13.7
Michigan,2018,Other synthetic narcotics,T40.4,1531,9995915,15.3
Michigan,2019,Other synthetic narcotics,T40.4,1458,9986857,14.6
Michigan,2020,Other synthetic narcotics,T40.4,1926,9966555,19.3
Minnesota,1999,Other synthetic narcotics,T40.4,Suppressed,4873481,Suppressed
Minnesota,2000,Other synthetic narcotics,T40.4,Suppressed,4919479,Suppressed
Minnesota,2001,Other synthetic narcotics,T40.4,12,4982796,Unreliable
Minnesota,2002,Other synthetic narcotics,T40.4,Suppressed,5018935,Suppressed
Minnesota,2003,Other synthetic narcotics,T40.4,16,5053572,Unreliable
Minnesota,2004,Other synthetic narcotics,T40.4,17,5087713,Unreliable
Minnesota,2005,Other synthetic narcotics,T40.4,19,5119598,Unreliable
Minnesota,2006,Other synthetic narcotics,T40.4,28,5163555,0.5
Minnesota,2007,Other synthetic narcotics,T40.4,25,5207203,0.5
Minnesota,2008,Other synthetic narcotics,T40.4,32,5247018,0.6
Minnesota,2009,Other synthetic narcotics,T40.4,39,5281203,0.7
Minnesota,2010,Other synthetic narcotics,T40.4,37,5303925,0.7
Minnesota,2011,Other synthetic narcotics,T40.4,31,5344861,0.6
Minnesota,2012,Other synthetic narcotics,T40.4,40,5379139,0.7
Minnesota,2013,Other synthetic narcotics,T40.4,33,5420380,0.6
Minnesota,2014,Other synthetic narcotics,T40.4,44,5457173,0.8
Minnesota,2015,Other synthetic narcotics,T40.4,55,5489594,1
Minnesota,2016,Other synthetic narcotics,T40.4,99,5519952,1.8
Minnesota,2017,Other synthetic narcotics,T40.4,184,5576606,3.3
Minnesota,2018,Other synthetic narcotics,T40.4,202,5611179,3.6
Minnesota,2019,Other synthetic narcotics,T40.4,309,5639632,5.5
Minnesota,2020,Other synthetic narcotics,T40.4,560,5657342,9.9
Mississippi,1999,Other synthetic narcotics,T40.4,Suppressed,2828408,Suppressed
Mississippi,2000,Other synthetic narcotics,T40.4,Suppressed,2844658,Suppressed
Mississippi,2001,Other synthetic narcotics,T40.4,Suppressed,2852994,Suppressed
Mississippi,2002,Other synthetic narcotics,T40.4,Suppressed,2858681,Suppressed
Mississippi,2003,Other synthetic narcotics,T40.4,Suppressed,2868312,Suppressed
Mississippi,2004,Other synthetic narcotics,T40.4,Suppressed,2889010,Suppressed
Mississippi,2005,Other synthetic narcotics,T40.4,Suppressed,2905943,Suppressed
Mississippi,2006,Other synthetic narcotics,T40.4,11,2904978,Unreliable
Mississippi,2007,Other synthetic narcotics,T40.4,22,2928350,0.8
Mississippi,2008,Other synthetic narcotics,T40.4,34,2947806,1.2
Mississippi,2009,Other synthetic narcotics,T40.4,31,2958774,1
Mississippi,2010,Other synthetic narcotics,T40.4,25,2967297,0.8
Mississippi,2011,Other synthetic narcotics,T40.4,18,2978512,Unreliable
Mississippi,2012,Other synthetic narcotics,T40.4,20,2984926,0.7
Mississippi,2013,Other synthetic narcotics,T40.4,24,2991207,0.8
Mississippi,2014,Other synthetic narcotics,T40.4,24,2994079,0.8
Mississippi,2015,Other synthetic narcotics,T40.4,35,2992333,1.2
Mississippi,2016,Other synthetic narcotics,T40.4,45,2988726,1.5
Mississippi,2017,Other synthetic narcotics,T40.4,81,2984100,2.7
Mississippi,2018,Other synthetic narcotics,T40.4,72,2986530,2.4
Mississippi,2019,Other synthetic narcotics,T40.4,141,2976149,4.7
Mississippi,2020,Other synthetic narcotics,T40.4,314,2966786,10.6
Missouri,1999,Other synthetic narcotics,T40.4,18,5561948,Unreliable
Missouri,2000,Other synthetic narcotics,T40.4,27,5595211,0.5
Missouri,2001,Other synthetic narcotics,T40.4,36,5641142,0.6
Missouri,2002,Other synthetic narcotics,T40.4,30,5674825,0.5
Missouri,2003,Other synthetic narcotics,T40.4,33,5709403,0.6
Missouri,2004,Other synthetic narcotics,T40.4,47,5747741,0.8
Missouri,2005,Other synthetic narcotics,T40.4,47,5790300,0.8
Missouri,2006,Other synthetic narcotics,T40.4,140,5842704,2.4
Missouri,2007,Other synthetic narcotics,T40.4,70,5887612,1.2
Missouri,2008,Other synthetic narcotics,T40.4,55,5923916,0.9
Missouri,2009,Other synthetic narcotics,T40.4,67,5961088,1.1
Missouri,2010,Other synthetic narcotics,T40.4,92,5988927,1.5
Missouri,2011,Other synthetic narcotics,T40.4,66,6010688,1.1
Missouri,2012,Other synthetic narcotics,T40.4,56,6021988,0.9
Missouri,2013,Other synthetic narcotics,T40.4,97,6044171,1.6
Missouri,2014,Other synthetic narcotics,T40.4,109,6063589,1.8
Missouri,2015,Other synthetic narcotics,T40.4,183,6083672,3
Missouri,2016,Other synthetic narcotics,T40.4,441,6093000,7.2
Missouri,2017,Other synthetic narcotics,T40.4,618,6113532,10.1
Missouri,2018,Other synthetic narcotics,T40.4,868,6126452,14.2
Missouri,2019,Other synthetic narcotics,T40.4,886,6137428,14.4
Missouri,2020,Other synthetic narcotics,T40.4,1205,6151548,19.6
Montana,1999,Other synthetic narcotics,T40.4,Suppressed,897507,Suppressed
Montana,2000,Other synthetic narcotics,T40.4,Suppressed,902195,Suppressed
Montana,2001,Other synthetic narcotics,T40.4,Suppressed,906961,Suppressed
Montana,2002,Other synthetic narcotics,T40.4,Suppressed,911667,Suppressed
Montana,2003,Other synthetic narcotics,T40.4,Suppressed,919630,Suppressed
Montana,2004,Other synthetic narcotics,T40.4,Suppressed,930009,Suppressed
Montana,2005,Other synthetic narcotics,T40.4,Suppressed,940102,Suppressed
Montana,2006,Other synthetic narcotics,T40.4,Suppressed,952692,Suppressed
Montana,2007,Other synthetic narcotics,T40.4,Suppressed,964706,Suppressed
Montana,2008,Other synthetic narcotics,T40.4,16,976415,Unreliable
Montana,2009,Other synthetic narcotics,T40.4,21,983982,2.1
Montana,2010,Other synthetic narcotics,T40.4,10,989415,Unreliable
Montana,2011,Other synthetic narcotics,T40.4,14,998199,Unreliable
Montana,2012,Other synthetic narcotics,T40.4,13,1005141,Unreliable
Montana,2013,Other synthetic narcotics,T40.4,Suppressed,1015165,Suppressed
Montana,2014,Other synthetic narcotics,T40.4,14,1023579,Unreliable
Montana,2015,Other synthetic narcotics,T40.4,Suppressed,1032949,Suppressed
Montana,2016,Other synthetic narcotics,T40.4,14,1042520,Unreliable
Montana,2017,Other synthetic narcotics,T40.4,Suppressed,1050493,Suppressed
Montana,2018,Other synthetic narcotics,T40.4,11,1062305,Unreliable
Montana,2019,Other synthetic narcotics,T40.4,16,1068778,Unreliable
Montana,2020,Other synthetic narcotics,T40.4,30,1080577,2.8
Nebraska,1999,Other synthetic narcotics,T40.4,Suppressed,1704764,Suppressed
Nebraska,2000,Other synthetic narcotics,T40.4,Suppressed,1711263,Suppressed
Nebraska,2001,Other synthetic narcotics,T40.4,10,1719836,Unreliable
Nebraska,2002,Other synthetic narcotics,T40.4,Suppressed,1728292,Suppressed
Nebraska,2003,Other synthetic narcotics,T40.4,Suppressed,1738643,Suppressed
Nebraska,2004,Other synthetic narcotics,T40.4,Suppressed,1749370,Suppressed
Nebraska,2005,Other synthetic narcotics,T40.4,Suppressed,1761497,Suppressed
Nebraska,2006,Other synthetic narcotics,T40.4,Suppressed,1772693,Suppressed
Nebraska,2007,Other synthetic narcotics,T40.4,Suppressed,1783440,Suppressed
Nebraska,2008,Other synthetic narcotics,T40.4,Suppressed,1796378,Suppressed
Nebraska,2009,Other synthetic narcotics,T40.4,11,1812683,Unreliable
Nebraska,2010,Other synthetic narcotics,T40.4,21,1826341,1.1
Nebraska,2011,Other synthetic narcotics,T40.4,Suppressed,1842641,Suppressed
Nebraska,2012,Other synthetic narcotics,T40.4,10,1855525,Unreliable
Nebraska,2013,Other synthetic narcotics,T40.4,Suppressed,1868516,Suppressed
Nebraska,2014,Other synthetic narcotics,T40.4,13,1881503,Unreliable
Nebraska,2015,Other synthetic narcotics,T40.4,13,1896190,Unreliable
Nebraska,2016,Other synthetic narcotics,T40.4,13,1907116,Unreliable
Nebraska,2017,Other synthetic narcotics,T40.4,25,1920076,1.3
Nebraska,2018,Other synthetic narcotics,T40.4,26,1929268,1.3
Nebraska,2019,Other synthetic narcotics,T40.4,27,1934408,1.4
Nebraska,2020,Other synthetic narcotics,T40.4,73,1937552,3.8
Nevada,1999,Other synthetic narcotics,T40.4,21,1934718,1.1
Nevada,2000,Other synthetic narcotics,T40.4,15,1998257,Unreliable
Nevada,2001,Other synthetic narcotics,T40.4,20,2098399,1
Nevada,2002,Other synthetic narcotics,T40.4,23,2173791,1.1
Nevada,2003,Other synthetic narcotics,T40.4,17,2248850,Unreliable
Nevada,2004,Other synthetic narcotics,T40.4,23,2346222,1
Nevada,2005,Other synthetic narcotics,T40.4,29,2432143,1.2
Nevada,2006,Other synthetic narcotics,T40.4,27,2522658,1.1
Nevada,2007,Other synthetic narcotics,T40.4,23,2601072,0.9
Nevada,2008,Other synthetic narcotics,T40.4,27,2653630,1
Nevada,2009,Other synthetic narcotics,T40.4,42,2684665,1.6
Nevada,2010,Other synthetic narcotics,T40.4,39,2700551,1.4
Nevada,2011,Other synthetic narcotics,T40.4,45,2723322,1.7
Nevada,2012,Other synthetic narcotics,T40.4,27,2758931,1
Nevada,2013,Other synthetic narcotics,T40.4,26,2790136,0.9
Nevada,2014,Other synthetic narcotics,T40.4,32,2839099,1.1
Nevada,2015,Other synthetic narcotics,T40.4,32,2890845,1.1
Nevada,2016,Other synthetic narcotics,T40.4,53,2940058,1.8
Nevada,2017,Other synthetic narcotics,T40.4,66,2998039,2.2
Nevada,2018,Other synthetic narcotics,T40.4,85,3034392,2.8
Nevada,2019,Other synthetic narcotics,T40.4,114,3080156,3.7
Nevada,2020,Other synthetic narcotics,T40.4,291,3138259,9.3
New Hampshire,1999,Other synthetic narcotics,T40.4,Suppressed,1222014,Suppressed
New Hampshire,2000,Other synthetic narcotics,T40.4,Suppressed,1235786,Suppressed
New Hampshire,2001,Other synthetic narcotics,T40.4,Suppressed,1255517,Suppressed
New Hampshire,2002,Other synthetic narcotics,T40.4,Suppressed,1269089,Suppressed
New Hampshire,2003,Other synthetic narcotics,T40.4,11,1279840,Unreliable
New Hampshire,2004,Other synthetic narcotics,T40.4,Suppressed,1290121,Suppressed
New Hampshire,2005,Other synthetic narcotics,T40.4,11,1298492,Unreliable
New Hampshire,2006,Other synthetic narcotics,T40.4,14,1308389,Unreliable
New Hampshire,2007,Other synthetic narcotics,T40.4,16,1312540,Unreliable
New Hampshire,2008,Other synthetic narcotics,T40.4,14,1315906,Unreliable
New Hampshire,2009,Other synthetic narcotics,T40.4,22,1316102,1.7
New Hampshire,2010,Other synthetic narcotics,T40.4,22,1316470,1.7
New Hampshire,2011,Other synthetic narcotics,T40.4,27,1318194,2
New Hampshire,2012,Other synthetic narcotics,T40.4,24,1320718,1.8
New Hampshire,2013,Other synthetic narcotics,T40.4,30,1323459,2.3
New Hampshire,2014,Other synthetic narcotics,T40.4,151,1326813,11.4
New Hampshire,2015,Other synthetic narcotics,T40.4,285,1330608,21.4
New Hampshire,2016,Other synthetic narcotics,T40.4,363,1334795,27.2
New Hampshire,2017,Other synthetic narcotics,T40.4,374,1342795,27.9
New Hampshire,2018,Other synthetic narcotics,T40.4,386,1356458,28.5
New Hampshire,2019,Other synthetic narcotics,T40.4,343,1359711,25.2
New Hampshire,2020,Other synthetic narcotics,T40.4,318,1366275,23.3
New Jersey,1999,Other synthetic narcotics,T40.4,23,8359592,0.3
New Jersey,2000,Other synthetic narcotics,T40.4,19,8414350,Unreliable
New Jersey,2001,Other synthetic narcotics,T40.4,33,8492671,0.4
New Jersey,2002,Other synthetic narcotics,T40.4,29,8552643,0.3
New Jersey,2003,Other synthetic narcotics,T40.4,29,8601402,0.3
New Jersey,2004,Other synthetic narcotics,T40.4,23,8634561,0.3
New Jersey,2005,Other synthetic narcotics,T40.4,25,8651974,0.3
New Jersey,2006,Other synthetic narcotics,T40.4,38,8661679,0.4
New Jersey,2007,Other synthetic narcotics,T40.4,33,8677885,0.4
New Jersey,2008,Other synthetic narcotics,T40.4,19,8711090,Unreliable
New Jersey,2009,Other synthetic narcotics,T40.4,Suppressed,8755602,Suppressed
New Jersey,2010,Other synthetic narcotics,T40.4,35,8791894,0.4
New Jersey,2011,Other synthetic narcotics,T40.4,31,8821155,0.4
New Jersey,2012,Other synthetic narcotics,T40.4,38,8864590,0.4
New Jersey,2013,Other synthetic narcotics,T40.4,57,8899339,0.6
New Jersey,2014,Other synthetic narcotics,T40.4,111,8938175,1.2
New Jersey,2015,Other synthetic narcotics,T40.4,243,8958013,2.7
New Jersey,2016,Other synthetic narcotics,T40.4,689,8944469,7.7
New Jersey,2017,Other synthetic narcotics,T40.4,1376,9005644,15.3
New Jersey,2018,Other synthetic narcotics,T40.4,2219,8908520,24.9
New Jersey,2019,Other synthetic narcotics,T40.4,2221,8882190,25
New Jersey,2020,Other synthetic narcotics,T40.4,2331,8882371,26.2
New Mexico,1999,Other synthetic narcotics,T40.4,26,1808082,1.4
New Mexico,2000,Other synthetic narcotics,T40.4,20,1819046,1.1
New Mexico,2001,Other synthetic narcotics,T40.4,16,1831690,Unreliable
New Mexico,2002,Other synthetic narcotics,T40.4,17,1855309,Unreliable
New Mexico,2003,Other synthetic narcotics,T40.4,23,1877574,1.2
New Mexico,2004,Other synthetic narcotics,T40.4,15,1903808,Unreliable
New Mexico,2005,Other synthetic narcotics,T40.4,12,1932274,Unreliable
New Mexico,2006,Other synthetic narcotics,T40.4,24,1962137,1.2
New Mexico,2007,Other synthetic narcotics,T40.4,19,1990070,Unreliable
New Mexico,2008,Other synthetic narcotics,T40.4,22,2010662,1.1
New Mexico,2009,Other synthetic narcotics,T40.4,24,2036802,1.2
New Mexico,2010,Other synthetic narcotics,T40.4,20,2059179,1
New Mexico,2011,Other synthetic narcotics,T40.4,20,2082224,1
New Mexico,2012,Other synthetic narcotics,T40.4,37,2085538,1.8
New Mexico,2013,Other synthetic narcotics,T40.4,23,2085287,1.1
New Mexico,2014,Other synthetic narcotics,T40.4,66,2085572,3.2
New Mexico,2015,Other synthetic narcotics,T40.4,42,2085109,2
New Mexico,2016,Other synthetic narcotics,T40.4,78,2081015,3.7
New Mexico,2017,Other synthetic narcotics,T40.4,75,2088070,3.6
New Mexico,2018,Other synthetic narcotics,T40.4,105,2095428,5
New Mexico,2019,Other synthetic narcotics,T40.4,149,2096829,7.1
New Mexico,2020,Other synthetic narcotics,T40.4,323,2106319,15.3
New York,1999,Other synthetic narcotics,T40.4,18,18882725,Unreliable
New York,2000,Other synthetic narcotics,T40.4,16,18976457,Unreliable
New York,2001,Other synthetic narcotics,T40.4,31,19082838,0.2
New York,2002,Other synthetic narcotics,T40.4,27,19137800,0.1
New York,2003,Other synthetic narcotics,T40.4,29,19175939,0.2
New York,2004,Other synthetic narcotics,T40.4,16,19171567,Unreliable
New York,2005,Other synthetic narcotics,T40.4,20,19132610,0.1
New York,2006,Other synthetic narcotics,T40.4,137,19104631,0.7
New York,2007,Other synthetic narcotics,T40.4,113,19132335,0.6
New York,2008,Other synthetic narcotics,T40.4,121,19212436,0.6
New York,2009,Other synthetic narcotics,T40.4,177,19307066,0.9
New York,2010,Other synthetic narcotics,T40.4,173,19378102,0.9
New York,2011,Other synthetic narcotics,T40.4,155,19465197,0.8
New York,2012,Other synthetic narcotics,T40.4,164,19570261,0.8
New York,2013,Other synthetic narcotics,T40.4,210,19651127,1.1
New York,2014,Other synthetic narcotics,T40.4,294,19746227,1.5
New York,2015,Other synthetic narcotics,T40.4,668,19795791,3.4
New York,2016,Other synthetic narcotics,T40.4,1641,19745289,8.3
New York,2017,Other synthetic narcotics,T40.4,2238,19849399,11.3
New York,2018,Other synthetic narcotics,T40.4,2195,19542209,11.2
New York,2019,Other synthetic narcotics,T40.4,2338,19453561,12
New York,2020,Other synthetic narcotics,T40.4,3721,19336776,19.2
North Carolina,1999,Other synthetic narcotics,T40.4,27,7949361,0.3
North Carolina,2000,Other synthetic narcotics,T40.4,49,8049313,0.6
North Carolina,2001,Other synthetic narcotics,T40.4,58,8210122,0.7
North Carolina,2002,Other synthetic narcotics,T40.4,50,8326201,0.6
North Carolina,2003,Other synthetic narcotics,T40.4,71,8422501,0.8
North Carolina,2004,Other synthetic narcotics,T40.4,109,8553152,1.3
North Carolina,2005,Other synthetic narcotics,T40.4,115,8705407,1.3
North Carolina,2006,Other synthetic narcotics,T40.4,105,8917270,1.2
North Carolina,2007,Other synthetic narcotics,T40.4,112,9118037,1.2
North Carolina,2008,Other synthetic narcotics,T40.4,127,9309449,1.4
North Carolina,2009,Other synthetic narcotics,T40.4,169,9449566,1.8
North Carolina,2010,Other synthetic narcotics,T40.4,170,9535483,1.8
North Carolina,2011,Other synthetic narcotics,T40.4,155,9656401,1.6
North Carolina,2012,Other synthetic narcotics,T40.4,141,9752073,1.4
North Carolina,2013,Other synthetic narcotics,T40.4,116,9848060,1.2
North Carolina,2014,Other synthetic narcotics,T40.4,217,9943964,2.2
North Carolina,2015,Other synthetic narcotics,T40.4,300,10042802,3
North Carolina,2016,Other synthetic narcotics,T40.4,601,10146788,5.9
North Carolina,2017,Other synthetic narcotics,T40.4,1285,10273419,12.5
North Carolina,2018,Other synthetic narcotics,T40.4,1272,10383620,12.3
North Carolina,2019,Other synthetic narcotics,T40.4,1363,10488084,13
North Carolina,2020,Other synthetic narcotics,T40.4,2279,10600823,21.5
North Dakota,1999,Other synthetic narcotics,T40.4,Suppressed,644259,Suppressed
North Dakota,2000,Other synthetic narcotics,T40.4,Suppressed,642200,Suppressed
North Dakota,2001,Other synthetic narcotics,T40.4,Suppressed,639062,Suppressed
North Dakota,2002,Other synthetic narcotics,T40.4,Suppressed,638168,Suppressed
North Dakota,2003,Other synthetic narcotics,T40.4,Suppressed,638817,Suppressed
North Dakota,2004,Other synthetic narcotics,T40.4,Suppressed,644705,Suppressed
North Dakota,2005,Other synthetic narcotics,T40.4,Suppressed,646089,Suppressed
North Dakota,2006,Other synthetic narcotics,T40.4,Suppressed,649422,Suppressed
North Dakota,2007,Other synthetic narcotics,T40.4,Suppressed,652822,Suppressed
North Dakota,2008,Other synthetic narcotics,T40.4,Suppressed,657569,Suppressed
North Dakota,2009,Other synthetic narcotics,T40.4,Suppressed,664968,Suppressed
North Dakota,2010,Other synthetic narcotics,T40.4,Suppressed,672591,Suppressed
North Dakota,2011,Other synthetic narcotics,T40.4,Suppressed,683932,Suppressed
North Dakota,2012,Other synthetic narcotics,T40.4,Suppressed,699628,Suppressed
North Dakota,2013,Other synthetic narcotics,T40.4,Suppressed,723393,Suppressed
North Dakota,2014,Other synthetic narcotics,T40.4,10,739482,Unreliable
North Dakota,2015,Other synthetic narcotics,T40.4,Suppressed,756927,Suppressed
North Dakota,2016,Other synthetic narcotics,T40.4,15,757952,Unreliable
North Dakota,2017,Other synthetic narcotics,T40.4,12,755393,Unreliable
North Dakota,2018,Other synthetic narcotics,T40.4,Suppressed,760077,Suppressed
North Dakota,2019,Other synthetic narcotics,T40.4,10,762062,Unreliable
North Dakota,2020,Other synthetic narcotics,T40.4,32,765309,4.2
Ohio,1999,Other synthetic narcotics,T40.4,24,11335454,0.2
Ohio,2000,Other synthetic narcotics,T40.4,33,11353140,0.3
Ohio,2001,Other synthetic narcotics,T40.4,55,11387404,0.5
Ohio,2002,Other synthetic narcotics,T40.4,58,11407889,0.5
Ohio,2003,Other synthetic narcotics,T40.4,43,11434788,0.4
Ohio,2004,Other synthetic narcotics,T40.4,78,11452251,0.7
Ohio,2005,Other synthetic narcotics,T40.4,102,11463320,0.9
Ohio,2006,Other synthetic narcotics,T40.4,128,11481213,1.1
Ohio,2007,Other synthetic narcotics,T40.4,109,11500468,0.9
Ohio,2008,Other synthetic narcotics,T40.4,107,11515391,0.9
Ohio,2009,Other synthetic narcotics,T40.4,91,11528896,0.8
Ohio,2010,Other synthetic narcotics,T40.4,175,11536504,1.5
Ohio,2011,Other synthetic narcotics,T40.4,162,11544951,1.4
Ohio,2012,Other synthetic narcotics,T40.4,139,11544225,1.2
Ohio,2013,Other synthetic narcotics,T40.4,167,11570808,1.4
Ohio,2014,Other synthetic narcotics,T40.4,590,11594163,5.1
Ohio,2015,Other synthetic narcotics,T40.4,1234,11613423,10.6
Ohio,2016,Other synthetic narcotics,T40.4,2296,11614373,19.8
Ohio,2017,Other synthetic narcotics,T40.4,3523,11658609,30.2
Ohio,2018,Other synthetic narcotics,T40.4,2783,11689442,23.8
Ohio,2019,Other synthetic narcotics,T40.4,3117,11689100,26.7
Ohio,2020,Other synthetic narcotics,T40.4,4110,11693217,35.1
Oklahoma,1999,Other synthetic narcotics,T40.4,24,3437147,0.7
Oklahoma,2000,Other synthetic narcotics,T40.4,26,3450654,0.8
Oklahoma,2001,Other synthetic narcotics,T40.4,20,3467100,0.6
Oklahoma,2002,Other synthetic narcotics,T40.4,23,3489080,0.7
Oklahoma,2003,Other synthetic narcotics,T40.4,44,3504892,1.3
Oklahoma,2004,Other synthetic narcotics,T40.4,46,3525233,1.3
Oklahoma,2005,Other synthetic narcotics,T40.4,54,3548597,1.5
Oklahoma,2006,Other synthetic narcotics,T40.4,45,3594090,1.3
Oklahoma,2007,Other synthetic narcotics,T40.4,67,3634349,1.8
Oklahoma,2008,Other synthetic narcotics,T40.4,70,3668976,1.9
Oklahoma,2009,Other synthetic narcotics,T40.4,160,3717572,4.3
Oklahoma,2010,Other synthetic narcotics,T40.4,107,3751351,2.9
Oklahoma,2011,Other synthetic narcotics,T40.4,83,3791508,2.2
Oklahoma,2012,Other synthetic narcotics,T40.4,107,3814820,2.8
Oklahoma,2013,Other synthetic narcotics,T40.4,88,3850568,2.3
Oklahoma,2014,Other synthetic narcotics,T40.4,73,3878051,1.9
Oklahoma,2015,Other synthetic narcotics,T40.4,93,3911338,2.4
Oklahoma,2016,Other synthetic narcotics,T40.4,98,3923561,2.5
Oklahoma,2017,Other synthetic narcotics,T40.4,102,3930864,2.6
Oklahoma,2018,Other synthetic narcotics,T40.4,79,3943079,2
Oklahoma,2019,Other synthetic narcotics,T40.4,81,3956971,2
Oklahoma,2020,Other synthetic narcotics,T40.4,150,3980783,3.8
Oregon,1999,Other synthetic narcotics,T40.4,Suppressed,3393941,Suppressed
Oregon,2000,Other synthetic narcotics,T40.4,Suppressed,3421399,Suppressed
Oregon,2001,Other synthetic narcotics,T40.4,15,3467937,Unreliable
Oregon,2002,Other synthetic narcotics,T40.4,11,3513424,Unreliable
Oregon,2003,Other synthetic narcotics,T40.4,11,3547376,Unreliable
Oregon,2004,Other synthetic narcotics,T40.4,13,3569463,Unreliable
Oregon,2005,Other synthetic narcotics,T40.4,22,3613202,0.6
Oregon,2006,Other synthetic narcotics,T40.4,27,3670883,0.7
Oregon,2007,Other synthetic narcotics,T40.4,18,3722417,Unreliable
Oregon,2008,Other synthetic narcotics,T40.4,22,3768748,0.6
Oregon,2009,Other synthetic narcotics,T40.4,30,3808600,0.8
Oregon,2010,Other synthetic narcotics,T40.4,27,3831074,0.7
Oregon,2011,Other synthetic narcotics,T40.4,29,3871859,0.7
Oregon,2012,Other synthetic narcotics,T40.4,31,3899353,0.8
Oregon,2013,Other synthetic narcotics,T40.4,27,3930065,0.7
Oregon,2014,Other synthetic narcotics,T40.4,33,3970239,0.8
Oregon,2015,Other synthetic narcotics,T40.4,34,4028977,0.8
Oregon,2016,Other synthetic narcotics,T40.4,43,4093465,1.1
Oregon,2017,Other synthetic narcotics,T40.4,85,4142776,2.1
Oregon,2018,Other synthetic narcotics,T40.4,97,4190713,2.3
Oregon,2019,Other synthetic narcotics,T40.4,95,4217737,2.3
Oregon,2020,Other synthetic narcotics,T40.4,243,4241507,5.7
Pennsylvania,1999,Other synthetic narcotics,T40.4,24,12263805,0.2
Pennsylvania,2000,Other synthetic narcotics,T40.4,32,12281054,0.3
Pennsylvania,2001,Other synthetic narcotics,T40.4,28,12298970,0.2
Pennsylvania,2002,Other synthetic narcotics,T40.4,42,12331031,0.3
Pennsylvania,2003,Other synthetic narcotics,T40.4,68,12374658,0.5
Pennsylvania,2004,Other synthetic narcotics,T40.4,86,12410722,0.7
Pennsylvania,2005,Other synthetic narcotics,T40.4,72,12449990,0.6
Pennsylvania,2006,Other synthetic narcotics,T40.4,93,12510809,0.7
Pennsylvania,2007,Other synthetic narcotics,T40.4,83,12563937,0.7
Pennsylvania,2008,Other synthetic narcotics,T40.4,99,12612285,0.8
Pennsylvania,2009,Other synthetic narcotics,T40.4,105,12666858,0.8
Pennsylvania,2010,Other synthetic narcotics,T40.4,98,12702379,0.8
Pennsylvania,2011,Other synthetic narcotics,T40.4,111,12742886,0.9
Pennsylvania,2012,Other synthetic narcotics,T40.4,99,12763536,0.8
Pennsylvania,2013,Other synthetic narcotics,T40.4,108,12773801,0.8
Pennsylvania,2014,Other synthetic narcotics,T40.4,217,12787209,1.7
Pennsylvania,2015,Other synthetic narcotics,T40.4,429,12802503,3.4
Pennsylvania,2016,Other synthetic narcotics,T40.4,1309,12784227,10.2
Pennsylvania,2017,Other synthetic narcotics,T40.4,1982,12805537,15.5
Pennsylvania,2018,Other synthetic narcotics,T40.4,2430,12807060,19
Pennsylvania,2019,Other synthetic narcotics,T40.4,2661,12801989,20.8
Pennsylvania,2020,Other synthetic narcotics,T40.4,3574,12783254,28
Rhode Island,1999,Other synthetic narcotics,T40.4,Suppressed,1040402,Suppressed
Rhode Island,2000,Other synthetic narcotics,T40.4,Suppressed,1048319,Suppressed
Rhode Island,2001,Other synthetic narcotics,T40.4,Suppressed,1057142,Suppressed
Rhode Island,2002,Other synthetic narcotics,T40.4,Suppressed,1065995,Suppressed
Rhode Island,2003,Other synthetic narcotics,T40.4,Suppressed,1071342,Suppressed
Rhode Island,2004,Other synthetic narcotics,T40.4,10,1074579,Unreliable
Rhode Island,2005,Other synthetic narcotics,T40.4,10,1067916,Unreliable
Rhode Island,2006,Other synthetic narcotics,T40.4,Suppressed,1063096,Suppressed
Rhode Island,2007,Other synthetic narcotics,T40.4,Suppressed,1057315,Suppressed
Rhode Island,2008,Other synthetic narcotics,T40.4,13,1055003,Unreliable
Rhode Island,2009,Other synthetic narcotics,T40.4,11,1053646,Unreliable
Rhode Island,2010,Other synthetic narcotics,T40.4,12,1052567,Unreliable
Rhode Island,2011,Other synthetic narcotics,T40.4,Suppressed,1051302,Suppressed
Rhode Island,2012,Other synthetic narcotics,T40.4,12,1050292,Unreliable
Rhode Island,2013,Other synthetic narcotics,T40.4,32,1051511,3
Rhode Island,2014,Other synthetic narcotics,T40.4,82,1055173,7.8
Rhode Island,2015,Other synthetic narcotics,T40.4,137,1056298,13
Rhode Island,2016,Other synthetic narcotics,T40.4,182,1056426,17.2
Rhode Island,2017,Other synthetic narcotics,T40.4,201,1059639,19
Rhode Island,2018,Other synthetic narcotics,T40.4,213,1057315,20.1
Rhode Island,2019,Other synthetic narcotics,T40.4,203,1059361,19.2
Rhode Island,2020,Other synthetic narcotics,T40.4,292,1057125,27.6
South Carolina,1999,Other synthetic narcotics,T40.4,Suppressed,3974682,Suppressed
South Carolina,2000,Other synthetic narcotics,T40.4,19,4012012,Unreliable
South Carolina,2001,Other synthetic narcotics,T40.4,Suppressed,4064995,Suppressed
South Carolina,2002,Other synthetic narcotics,T40.4,22,4107795,0.5
South Carolina,2003,Other synthetic narcotics,T40.4,19,4150297,Unreliable
South Carolina,2004,Other synthetic narcotics,T40.4,32,4210921,0.8
South Carolina,2005,Other synthetic narcotics,T40.4,30,4270150,0.7
South Carolina,2006,Other synthetic narcotics,T40.4,41,4357847,0.9
South Carolina,2007,Other synthetic narcotics,T40.4,35,4444110,0.8
South Carolina,2008,Other synthetic narcotics,T40.4,41,4528996,0.9
South Carolina,2009,Other synthetic narcotics,T40.4,56,4589872,1.2
South Carolina,2010,Other synthetic narcotics,T40.4,58,4625364,1.3
South Carolina,2011,Other synthetic narcotics,T40.4,47,4679230,1
South Carolina,2012,Other synthetic narcotics,T40.4,46,4723723,1
South Carolina,2013,Other synthetic narcotics,T40.4,50,4774839,1
South Carolina,2014,Other synthetic narcotics,T40.4,110,4832482,2.3
South Carolina,2015,Other synthetic narcotics,T40.4,161,4896146,3.3
South Carolina,2016,Other synthetic narcotics,T40.4,237,4961119,4.8
South Carolina,2017,Other synthetic narcotics,T40.4,404,5024369,8
South Carolina,2018,Other synthetic narcotics,T40.4,510,5084127,10
South Carolina,2019,Other synthetic narcotics,T40.4,568,5148714,11
South Carolina,2020,Other synthetic narcotics,T40.4,1149,5218040,22
South Dakota,1999,Other synthetic narcotics,T40.4,Suppressed,750412,Suppressed
South Dakota,2000,Other synthetic narcotics,T40.4,Suppressed,754844,Suppressed
South Dakota,2001,Other synthetic narcotics,T40.4,Suppressed,757972,Suppressed
South Dakota,2002,Other synthetic narcotics,T40.4,Suppressed,760020,Suppressed
South Dakota,2003,Other synthetic narcotics,T40.4,Suppressed,763729,Suppressed
South Dakota,2004,Other synthetic narcotics,T40.4,Suppressed,770396,Suppressed
South Dakota,2005,Other synthetic narcotics,T40.4,Suppressed,775493,Suppressed
South Dakota,2006,Other synthetic narcotics,T40.4,Suppressed,783033,Suppressed
South Dakota,2007,Other synthetic narcotics,T40.4,Suppressed,791623,Suppressed
South Dakota,2008,Other synthetic narcotics,T40.4,Suppressed,799124,Suppressed
South Dakota,2009,Other synthetic narcotics,T40.4,12,807067,Unreliable
South Dakota,2010,Other synthetic narcotics,T40.4,Suppressed,814180,Suppressed
South Dakota,2011,Other synthetic narcotics,T40.4,Suppressed,824082,Suppressed
South Dakota,2012,Other synthetic narcotics,T40.4,Suppressed,833354,Suppressed
South Dakota,2013,Other synthetic narcotics,T40.4,Suppressed,844877,Suppressed
South Dakota,2014,Other synthetic narcotics,T40.4,Suppressed,853175,Suppressed
South Dakota,2015,Other synthetic narcotics,T40.4,Suppressed,858469,Suppressed
South Dakota,2016,Other synthetic narcotics,T40.4,10,865454,Unreliable
South Dakota,2017,Other synthetic narcotics,T40.4,14,869666,Unreliable
South Dakota,2018,Other synthetic narcotics,T40.4,13,882235,Unreliable
South Dakota,2019,Other synthetic narcotics,T40.4,24,884659,2.7
South Dakota,2020,Other synthetic narcotics,T40.4,34,892717,3.8
Tennessee,1999,Other synthetic narcotics,T40.4,17,5638706,Unreliable
Tennessee,2000,Other synthetic narcotics,T40.4,16,5689283,Unreliable
Tennessee,2001,Other synthetic narcotics,T40.4,10,5750789,Unreliable
Tennessee,2002,Other synthetic narcotics,T40.4,21,5795918,0.4
Tennessee,2003,Other synthetic narcotics,T40.4,64,5847812,1.1
Tennessee,2004,Other synthetic narcotics,T40.4,74,5910809,1.3
Tennessee,2005,Other synthetic narcotics,T40.4,79,5991057,1.3
Tennessee,2006,Other synthetic narcotics,T40.4,64,6088766,1.1
Tennessee,2007,Other synthetic narcotics,T40.4,84,6175727,1.4
Tennessee,2008,Other synthetic narcotics,T40.4,98,6247411,1.6
Tennessee,2009,Other synthetic narcotics,T40.4,75,6306019,1.2
Tennessee,2010,Other synthetic narcotics,T40.4,72,6346105,1.1
Tennessee,2011,Other synthetic narcotics,T40.4,64,6403353,1
Tennessee,2012,Other synthetic narcotics,T40.4,77,6456243,1.2
Tennessee,2013,Other synthetic narcotics,T40.4,99,6495978,1.5
Tennessee,2014,Other synthetic narcotics,T40.4,132,6549352,2
Tennessee,2015,Other synthetic narcotics,T40.4,251,6600299,3.8
Tennessee,2016,Other synthetic narcotics,T40.4,395,6651194,5.9
Tennessee,2017,Other synthetic narcotics,T40.4,590,6715984,8.8
Tennessee,2018,Other synthetic narcotics,T40.4,827,6770010,12.2
Tennessee,2019,Other synthetic narcotics,T40.4,1152,6829174,16.9
Tennessee,2020,Other synthetic narcotics,T40.4,2104,6886834,30.6
Texas,1999,Other synthetic narcotics,T40.4,49,20558220,0.2
Texas,2000,Other synthetic narcotics,T40.4,46,20851820,0.2
Texas,2001,Other synthetic narcotics,T40.4,77,21319622,0.4
Texas,2002,Other synthetic narcotics,T40.4,117,21690325,0.5
Texas,2003,Other synthetic narcotics,T40.4,76,22030931,0.3
Texas,2004,Other synthetic narcotics,T40.4,94,22394023,0.4
Texas,2005,Other synthetic narcotics,T40.4,86,22778123,0.4
Texas,2006,Other synthetic narcotics,T40.4,111,23359580,0.5
Texas,2007,Other synthetic narcotics,T40.4,118,23831983,0.5
Texas,2008,Other synthetic narcotics,T40.4,86,24309039,0.4
Texas,2009,Other synthetic narcotics,T40.4,166,24801761,0.7
Texas,2010,Other synthetic narcotics,T40.4,156,25145561,0.6
Texas,2011,Other synthetic narcotics,T40.4,114,25674681,0.4
Texas,2012,Other synthetic narcotics,T40.4,121,26059203,0.5
Texas,2013,Other synthetic narcotics,T40.4,112,26448193,0.4
Texas,2014,Other synthetic narcotics,T40.4,157,26956958,0.6
Texas,2015,Other synthetic narcotics,T40.4,186,27469114,0.7
Texas,2016,Other synthetic narcotics,T40.4,250,27862596,0.9
Texas,2017,Other synthetic narcotics,T40.4,348,28304596,1.2
Texas,2018,Other synthetic narcotics,T40.4,358,28701845,1.2
Texas,2019,Other synthetic narcotics,T40.4,423,28995881,1.5
Texas,2020,Other synthetic narcotics,T40.4,1050,29360759,3.6
Utah,1999,Other synthetic narcotics,T40.4,Suppressed,2203482,Suppressed
Utah,2000,Other synthetic narcotics,T40.4,11,2233169,Unreliable
Utah,2001,Other synthetic narcotics,T40.4,Suppressed,2283715,Suppressed
Utah,2002,Other synthetic narcotics,T40.4,13,2324815,Unreliable
Utah,2003,Other synthetic narcotics,T40.4,23,2360137,1
Utah,2004,Other synthetic narcotics,T40.4,13,2401580,Unreliable
Utah,2005,Other synthetic narcotics,T40.4,38,2457719,1.5
Utah,2006,Other synthetic narcotics,T40.4,38,2525507,1.5
Utah,2007,Other synthetic narcotics,T40.4,33,2597746,1.3
Utah,2008,Other synthetic narcotics,T40.4,26,2663029,1
Utah,2009,Other synthetic narcotics,T40.4,59,2723421,2.2
Utah,2010,Other synthetic narcotics,T40.4,50,2763885,1.8
Utah,2011,Other synthetic narcotics,T40.4,56,2817222,2
Utah,2012,Other synthetic narcotics,T40.4,59,2855287,2.1
Utah,2013,Other synthetic narcotics,T40.4,58,2900872,2
Utah,2014,Other synthetic narcotics,T40.4,68,2942902,2.3
Utah,2015,Other synthetic narcotics,T40.4,62,2995919,2.1
Utah,2016,Other synthetic narcotics,T40.4,72,3051217,2.4
Utah,2017,Other synthetic narcotics,T40.4,92,3101833,3
Utah,2018,Other synthetic narcotics,T40.4,83,3161105,2.6
Utah,2019,Other synthetic narcotics,T40.4,94,3205958,2.9
Utah,2020,Other synthetic narcotics,T40.4,157,3249879,4.8
Vermont,1999,Other synthetic narcotics,T40.4,Suppressed,604683,Suppressed
Vermont,2000,Other synthetic narcotics,T40.4,Suppressed,608827,Suppressed
Vermont,2001,Other synthetic narcotics,T40.4,Suppressed,612223,Suppressed
Vermont,2002,Other synthetic narcotics,T40.4,Suppressed,615442,Suppressed
Vermont,2003,Other synthetic narcotics,T40.4,10,617858,Unreliable
Vermont,2004,Other synthetic narcotics,T40.4,11,619920,Unreliable
Vermont,2005,Other synthetic narcotics,T40.4,Suppressed,621215,Suppressed
Vermont,2006,Other synthetic narcotics,T40.4,15,622892,Unreliable
Vermont,2007,Other synthetic narcotics,T40.4,15,623481,Unreliable
Vermont,2008,Other synthetic narcotics,T40.4,14,624151,Unreliable
Vermont,2009,Other synthetic narcotics,T40.4,Suppressed,624817,Suppressed
Vermont,2010,Other synthetic narcotics,T40.4,Suppressed,625741,Suppressed
Vermont,2011,Other synthetic narcotics,T40.4,12,626431,Unreliable
Vermont,2012,Other synthetic narcotics,T40.4,Suppressed,626011,Suppressed
Vermont,2013,Other synthetic narcotics,T40.4,17,626630,Unreliable
Vermont,2014,Other synthetic narcotics,T40.4,21,626562,3.4
Vermont,2015,Other synthetic narcotics,T40.4,33,626042,5.3
Vermont,2016,Other synthetic narcotics,T40.4,53,624594,8.5
Vermont,2017,Other synthetic narcotics,T40.4,77,623657,12.3
Vermont,2018,Other synthetic narcotics,T40.4,106,626299,16.9
Vermont,2019,Other synthetic narcotics,T40.4,100,623989,16
Vermont,2020,Other synthetic narcotics,T40.4,137,623347,22
Virginia,1999,Other synthetic narcotics,T40.4,21,7000174,0.3
Virginia,2000,Other synthetic narcotics,T40.4,26,7078515,0.4
Virginia,2001,Other synthetic narcotics,T40.4,31,7198362,0.4
Virginia,2002,Other synthetic narcotics,T40.4,49,7286873,0.7
Virginia,2003,Other synthetic narcotics,T40.4,44,7366977,0.6
Virginia,2004,Other synthetic narcotics,T40.4,62,7475575,0.8
Virginia,2005,Other synthetic narcotics,T40.4,42,7577105,0.6
Virginia,2006,Other synthetic narcotics,T40.4,63,7673725,0.8
Virginia,2007,Other synthetic narcotics,T40.4,68,7751000,0.9
Virginia,2008,Other synthetic narcotics,T40.4,89,7833496,1.1
Virginia,2009,Other synthetic narcotics,T40.4,80,7925937,1
Virginia,2010,Other synthetic narcotics,T40.4,87,8001024,1.1
Virginia,2011,Other synthetic narcotics,T40.4,77,8096604,1
Virginia,2012,Other synthetic narcotics,T40.4,89,8185867,1.1
Virginia,2013,Other synthetic narcotics,T40.4,125,8260405,1.5
Virginia,2014,Other synthetic narcotics,T40.4,176,8326289,2.1
Virginia,2015,Other synthetic narcotics,T40.4,270,8382993,3.2
Virginia,2016,Other synthetic narcotics,T40.4,648,8411808,7.7
Virginia,2017,Other synthetic narcotics,T40.4,829,8470020,9.8
Virginia,2018,Other synthetic narcotics,T40.4,852,8517685,10
Virginia,2019,Other synthetic narcotics,T40.4,993,8535519,11.6
Virginia,2020,Other synthetic narcotics,T40.4,1675,8590563,19.5
Washington,1999,Other synthetic narcotics,T40.4,23,5842564,0.4
Washington,2000,Other synthetic narcotics,T40.4,23,5894121,0.4
Washington,2001,Other synthetic narcotics,T40.4,27,5985722,0.5
Washington,2002,Other synthetic narcotics,T40.4,47,6052349,0.8
Washington,2003,Other synthetic narcotics,T40.4,33,6104115,0.5
Washington,2004,Other synthetic narcotics,T40.4,42,6178645,0.7
Washington,2005,Other synthetic narcotics,T40.4,54,6257305,0.9
Washington,2006,Other synthetic narcotics,T40.4,51,6370753,0.8
Washington,2007,Other synthetic narcotics,T40.4,37,6461587,0.6
Washington,2008,Other synthetic narcotics,T40.4,53,6562231,0.8
Washington,2009,Other synthetic narcotics,T40.4,71,6667426,1.1
Washington,2010,Other synthetic narcotics,T40.4,65,6724540,1
Washington,2011,Other synthetic narcotics,T40.4,53,6830038,0.8
Washington,2012,Other synthetic narcotics,T40.4,59,6897012,0.9
Washington,2013,Other synthetic narcotics,T40.4,59,6971406,0.8
Washington,2014,Other synthetic narcotics,T40.4,62,7061530,0.9
Washington,2015,Other synthetic narcotics,T40.4,65,7170351,0.9
Washington,2016,Other synthetic narcotics,T40.4,93,7288000,1.3
Washington,2017,Other synthetic narcotics,T40.4,143,7405743,1.9
Washington,2018,Other synthetic narcotics,T40.4,221,7535591,2.9
Washington,2019,Other synthetic narcotics,T40.4,337,7614893,4.4
Washington,2020,Other synthetic narcotics,T40.4,674,7693612,8.8
West Virginia,1999,Other synthetic narcotics,T40.4,12,1811799,Unreliable
West Virginia,2000,Other synthetic narcotics,T40.4,Suppressed,1808344,Suppressed
West Virginia,2001,Other synthetic narcotics,T40.4,37,1801481,2.1
West Virginia,2002,Other synthetic narcotics,T40.4,39,1805414,2.2
West Virginia,2003,Other synthetic narcotics,T40.4,43,1812295,2.4
West Virginia,2004,Other synthetic narcotics,T40.4,67,1816438,3.7
West Virginia,2005,Other synthetic narcotics,T40.4,42,1820492,2.3
West Virginia,2006,Other synthetic narcotics,T40.4,50,1827912,2.7
West Virginia,2007,Other synthetic narcotics,T40.4,80,1834052,4.4
West Virginia,2008,Other synthetic narcotics,T40.4,87,1840310,4.7
West Virginia,2009,Other synthetic narcotics,T40.4,42,1847775,2.3
West Virginia,2010,Other synthetic narcotics,T40.4,102,1852994,5.5
West Virginia,2011,Other synthetic narcotics,T40.4,99,1855364,5.3
West Virginia,2012,Other synthetic narcotics,T40.4,89,1855413,4.8
West Virginia,2013,Other synthetic narcotics,T40.4,98,1854304,5.3
West Virginia,2014,Other synthetic narcotics,T40.4,122,1850326,6.6
West Virginia,2015,Other synthetic narcotics,T40.4,217,1844128,11.8
West Virginia,2016,Other synthetic narcotics,T40.4,435,1831102,23.8
West Virginia,2017,Other synthetic narcotics,T40.4,618,1815857,34
West Virginia,2018,Other synthetic narcotics,T40.4,551,1805832,30.5
West Virginia,2019,Other synthetic narcotics,T40.4,572,1792147,31.9
West Virginia,2020,Other synthetic narcotics,T40.4,1043,1784787,58.4
Wisconsin,1999,Other synthetic narcotics,T40.4,16,5332666,Unreliable
Wisconsin,2000,Other synthetic narcotics,T40.4,23,5363675,0.4
Wisconsin,2001,Other synthetic narcotics,T40.4,24,5406835,0.4
Wisconsin,2002,Other synthetic narcotics,T40.4,26,5445162,0.5
Wisconsin,2003,Other synthetic narcotics,T40.4,42,5479203,0.8
Wisconsin,2004,Other synthetic narcotics,T40.4,42,5514026,0.8
Wisconsin,2005,Other synthetic narcotics,T40.4,53,5546166,1
Wisconsin,2006,Other synthetic narcotics,T40.4,56,5577655,1
Wisconsin,2007,Other synthetic narcotics,T40.4,55,5610775,1
Wisconsin,2008,Other synthetic narcotics,T40.4,53,5640996,0.9
Wisconsin,2009,Other synthetic narcotics,T40.4,76,5669264,1.3
Wisconsin,2010,Other synthetic narcotics,T40.4,66,5686986,1.2
Wisconsin,2011,Other synthetic narcotics,T40.4,60,5711767,1.1
Wisconsin,2012,Other synthetic narcotics,T40.4,56,5726398,1
Wisconsin,2013,Other synthetic narcotics,T40.4,81,5742713,1.4
Wisconsin,2014,Other synthetic narcotics,T40.4,90,5757564,1.6
Wisconsin,2015,Other synthetic narcotics,T40.4,112,5771337,1.9
Wisconsin,2016,Other synthetic narcotics,T40.4,288,5778708,5
Wisconsin,2017,Other synthetic narcotics,T40.4,466,5795483,8
Wisconsin,2018,Other synthetic narcotics,T40.4,506,5813568,8.7
Wisconsin,2019,Other synthetic narcotics,T40.4,660,5822434,11.3
Wisconsin,2020,Other synthetic narcotics,T40.4,1076,5832655,18.4
Wyoming,1999,Other synthetic narcotics,T40.4,Suppressed,491780,Suppressed
Wyoming,2000,Other synthetic narcotics,T40.4,Suppressed,493782,Suppressed
Wyoming,2001,Other synthetic narcotics,T40.4,Suppressed,494657,Suppressed
Wyoming,2002,Other synthetic narcotics,T40.4,Suppressed,500017,Suppressed
Wyoming,2003,Other synthetic narcotics,T40.4,Suppressed,503453,Suppressed
Wyoming,2004,Other synthetic narcotics,T40.4,Suppressed,509106,Suppressed
Wyoming,2005,Other synthetic narcotics,T40.4,Suppressed,514157,Suppressed
Wyoming,2006,Other synthetic narcotics,T40.4,Suppressed,522667,Suppressed
Wyoming,2007,Other synthetic narcotics,T40.4,Suppressed,534876,Suppressed
Wyoming,2008,Other synthetic narcotics,T40.4,11,546043,Unreliable
Wyoming,2009,Other synthetic narcotics,T40.4,Suppressed,559851,Suppressed
Wyoming,2010,Other synthetic narcotics,T40.4,Suppressed,563626,Suppressed
Wyoming,2011,Other synthetic narcotics,T40.4,Suppressed,568158,Suppressed
Wyoming,2012,Other synthetic narcotics,T40.4,Suppressed,576412,Suppressed
Wyoming,2013,Other synthetic narcotics,T40.4,Suppressed,582658,Suppressed
Wyoming,2014,Other synthetic narcotics,T40.4,12,584153,Unreliable
Wyoming,2015,Other synthetic narcotics,T40.4,Suppressed,586107,Suppressed
Wyoming,2016,Other synthetic narcotics,T40.4,Suppressed,585501,Suppressed
Wyoming,2017,Other synthetic narcotics,T40.4,17,579315,Unreliable
Wyoming,2018,Other synthetic narcotics,T40.4,10,577737,Unreliable
Wyoming,2019,Other synthetic narcotics,T40.4,17,578759,Unreliable
Wyoming,2020,Other synthetic narcotics,T40.4,27,582328,4.6
